Citation,Type
"1 dead as mudslide destroys North Vancouver neighbourhood. (2005, January 19). CBC. Retrieved from https://www.cbc.ca/news/canada/1-dead-as-mudslide-destroys-north-vancouver-neighbourhood-1.548386.",News Article
"2 mudslides reported in Langley, BC. (2012, October 31). CBC News. Retrieved from https://www.cbc.ca/news/canada/british-columbia/2-mudslides-reported-in-langley-b-c-1.1206009.",News Article
"21st Victim Found and Identified in Montecito Mudslide. (2018, January 21). Edhat Santa Barbara. Retrieved from https://www.edhat.com/news/21st-victim-found-and-identified-in-montecito-mudslide.",News Article
"Achauer, H. (2018, January 19). Masters Athlete and the Mudslide Miracle. The Crossfit Journal. Retrieved from https://journal.crossfit.com/article/mudslide-achauer-2.",News Article
"After the Debris Flow, Scientists and Survivors Are Looking at Montecito’s Worst-Hit Neighborhood. (2018, May 31). Santa Barbara Independent. Retrieved from https://www.independent.com/2018/05/31/after-debris-flow-scientists-and-survivors-are-looking-montecitos-worst-hit-neighborhood/.",News Article
"Alltucker, K. (1997, January 20). Family of four perishes in landslide. Kitsap Sun. Retrieved from https://products.kitsapsun.com/archive/1997/01-20/0020_family_of_four_perishes_in_mudsli.html.",News Article
"Ashland, F. (2009). Deadly Landslide Along Canyon Road in Logan, July 11, 2009. Utah Geological Survey. Survey Notes, v.41 no.3, September 2009. Retrieved from https://geology.utah.gov/map-pub/survey-notes/logan-landslide/.",Report
"Assessment underway on slope that gave way, trapping two seniors. (2018, January 21). Campbell River Mirror. Retrieved from https://www.campbellrivermirror.com/news/winter-storm-in-campbell-river-causes-localized-mudslide-evacuation-of-four-homes/",News Article
"Auckland Floods: Death toll now 3 after landslide brings down Remuera house. (2023, January 28). Auckland Reporter. Retrieved from https://www.stuff.co.nz/national/300794369/auckland-floods-death-toll-now-3-after-landslide-brings-down-remuera-house.",News Article
"Beetham, D. (2012). Ohope Beach landslide of 18 June 2011. GNS Science Report 2011/46. GNS Science.",Report
"BGC Engineering Inc. (2020, October 30). Willox Creek Emergency Geoheazard Risk and Mitigation Assessment [Report]. Prepared for Regional District of Fraser-Fort George.",Report
"Brown, A. (2014, April 19). Love and humor help two slide survivors bear their losses. Herald Net. Retrieved from https://www.heraldnet.com/news/love-and-humor-help-two-slide-survivors-bear-their-losses/.",News Article
"Burns, M. (2018, January 9). Survivors featured in Montecito Debris Flow Documentary. Edhat Santa Barbara. Retrieved from https://www.edhat.com/news/survivors-featured-in-montecito-debris-flow-documentary.",News Article
"California Woman Shares Story of Mudslide Survival (2018, January 12). National Public Radio. Retrieved from https://www.npr.org/2018/01/12/577713367/california-woman-shares-story-of-mudslide-survival.",News Article
"Camarillo Springs evacuation order lifted after debris flow. (2014, November 2). ABC7 News. Retrieved from https://abc7.com/camarillo-mudslide-rain-evacuations/376277/.",News Article
"Camarillo Springs homes damaged by mud, debris flow. (2014, December 12). ABC 7. Retrieved from https://abc7.com/camarillo-springs-mudslide-storm-evacuations/433225/.",News Article
"Canadian who survived California wildfires forced from home by deadly mudslides. (2018, Jaunary 10). CBC Radio. Retrieved from https://www.cbc.ca/radio/asithappens/as-it-happens-wednesday-edition-1.4480907/canadian-who-survived-california-wildfires-forced-from-home-by-deadly-mudslides-1.4480917.",News Article
"Chavez, N., Allen, K. (2018, January 10). Coast Guard rescues family from roof in mud-drenched California. CNN. Retrieved from https://www.cnn.com/2018/01/10/us/family-rescued-california-mud-flooding/index.html.",News Article
"Dooris, P. (2015, December 18). Woman, 70, killed in landslide near Florence. KGW8. Retrieved from https://www.kgw.com/article/news/local/central-coast/woman-70-killed-in-landslide-near-florence/283-5692915.",News Article
"DuBose, J. & Fenoglio, J. (2023, February 26). 3 homes hit by mudslide in La Canada Flintridge. KLTA5. Retrieved from https://ktla.com/news/local-news/3-homes-evacuated-after-mudflow-in-la-canada-flintridge/.",News Article
"Durbin, K. (1996, December 23). Rain and clearcuts make fatal brew. High Country News. Retrieved from https://www.hcn.org/issues/96/2974.",News Article
"Elliot, J. (2017, April 11). Landslide destroys homes but spares occupants. Vernon Morning Star. Retrieved from https://www.vernonmorningstar.com/news/landslide-destroys-homes-but-spares-occupants/.",News Article
"Emotional mudslide survivors share their stories. (2018, January 9). From reports by Tribune Content Agency and The Associated Press. Retrieved from https://www.vcstar.com/story/news/2018/01/09/like-bomb-went-off/1019586001/.",News Article
"Ferguson, M. (1983, February 11). Slide victims 'totally squashed,' doctor says. United Press international. Retrieved from https://www.upi.com/Archives/1983/02/11/Slide-victims-totally-squashed-doctor-says/2908413787600/.",News Article
"French, R. (2013, May 24). BLOG: What really triggered Coledale landslide?. Illawarra Mercury. Retrieved from https://www.illawarramercury.com.au/story/1524962/blog-what-really-triggered-coledale-landslide/.",Blog Post
Geological Survey of Canada. (2002). Catastrophic Landslides and Related Processes in the Southern Cordillera: Analysis of Impact on Lifelines and Communities. Prepared for Public Safety and Emergency Preparedness Canada.,Report
"Gomez, M. (2022, September 2). In San Bernardino mountains, residents hit by devastating mudslide fear more to come. LA Times. Retrieved from https://www.latimes.com/california/story/2022-09-26/forest-falls-oak-glen-mudslide.",News Article
"Graff, A. (2023, January 16). Mudslides trigger evacuations, close roads in Berkeley Hill. SFGate. Retrieved from https://www.sfgate.com/bayarea/article/Mudslides-trigger-evacuations-Berkeley-Hills-17721186.php.",News Article
"Hickey, M. (n.d.). Now you see it—Now you don’t: Slips, floods and washaways. Retrieved from http://railknowledgebank.com/Presto/content/GetDoc.axd?ctID=MTk4MTRjNDUtNWQ0My00OTBmLTllYWUtZWFjM2U2OTE0ZDY3&rID=NDUyMg==&pID=Nzkx&attchmnt=True&uSesDM=False&rIdx=MzQ5MQ==&rCFU=.",Report
"Horne, D. (2014, April 1). Oso couple credit lives to friend and two cars. KIRO 7. Retrieved from https://www.kiro7.com/news/oso-couple-credit-lives-friend-and-two-cars/82103613/.",News Article
"Hughes, T. (2017, May 6). Police identify missing senior, man now presumed dead. Salmon Arm Observer. Retrieved from https://www.saobserver.net/news/another-landslide-hits-sunnybrae-more-residents-evacuated/.",News Article
"Jibson, R. (2005). Landslide Hazards at La Conchita, California. US Geological Survey pen file report 2005-1067.",Report
"Knox, J. (2018, April 13). ‘It sounded like a locomotive:’ Vernon home hit by mudslide. Global News. Retrieved from https://globalnews.ca/news/4144325/it-sounded-like-a-locomotive-vernon-home-hit-by-mudslide/.",News Article
"La Conchita Residents Mark 10th Anniversary of Deadly Landslide (2015, January 10). CBS Los Angeles. Retrieved from https://www.cbsnews.com/losangeles/news/la-conchita-residents-mark-10th-anniversary-of-deadly-landslide/.",News Article
"10th Anniversary of Deadly Landslide Marked in La Conchita (2015, January 12). SFGate. Retreived from https://www.sfgate.com/news/article/10th-anniversary-af-deadly-landslide-marked-in-La-6006931.php",News Article
"Lawrence-Turner, J. (2014, March 30). Family missing in mudslide, volunteers have ties to Spokane. The Spokesman Review. Retrieved from https://www.spokesman.com/stories/2014/mar/30/family-missing-in-mudslide-volunteers-have-ties/.",News Article
"Leiba, M. (2013). Impact of landslides in Australia to December 2011. Australian Journal of Emergency Management, 28(1).",Journal Article
"Lessons from the past: Breaking Briseis. (2019, May 30). Australasian Mine Safety journal. Retrieved from https://www.amsj.com.au/lessons-past-breaking-briseis/.",Website
"Lloyd, J. (2018, January 10). Founder of Ventura Catholic School Identified as Montecito Storm Victim. NBC Los Angeles. Retrieved from https://www.nbclosangeles.com/news/roy-rohter-california-santa-barbara-montecito-storm-victims/38311/.",News Article
"Loma Mar man killed in slide; another storm expected soon. (1998, February 5). Half Moon Bay Review. Retrieved from https://www.hmbreview.com/news/loma-mar-man-killed-in-slide-another-storm-expected-sooneric/article_5eb40311-3fc5-52fd-888a-a9fbc367b3c7.html.",News Article
"McNary, S. & Carino, M, M. (2018, January 11). 17 Killed in Montecito mudslides identified; 43 missing. Laist 89.3 FM. Retrieved from https://www.kpcc.org/news/2018/01/11/79721/another-victim-id-ed-in-montecito-mudslides/. ",News Article
"Metcalfe, B. (2012, July 27). What Happened in Johnsons Landing?. The Tyee. Retrieved from https://thetyee.ca/News/2012/07/27/Johnsons-Landing-Landslide/.",News Article
"Metivier-Hart, D. (2017). A Silent Stillness-Burried Alive. Bloomington, IN: Xlibris.",Book
"Miljure, B. (2021, November 21). Insurance won't cover landslide damage on private property. CTV News. Retrieved from https://bc.ctvnews.ca/insurance-won-t-cover-landslide-damage-on-private-property-1.5675661.",News Article
"Millar, K.J. (2023, January 6). ‘Miracle Baby’ and sole survivor of 1957 Prince Rupert mudslide dies at 66. Vancouver Island Free Daily. Retrieved from https://www.vancouverislandfreedaily.com/news/miracle-baby-and-sole-survivor-of-1957-prince-rupert-mudslide-dies-at-66/.",News Article
"Mitchell, K. (2013, September 12). Colorado flood: Jamestown residents can't evacuate after roads washed out. The Denver Post. Retrieved from https://www.denverpost.com/2013/09/12/colorado-flood-jamestown-residents-cant-evacuate-after-roads-washed-out/.",News Article
"Molina, J. (2018, January 18). Richard 'Loring' Taylor Traveled the World as Professor, Died in Montecito Mudslides. Noozhawk. Retrieved from https://www.noozhawk.com/richard_loring_taylor_traveled_the_world_as_professor_died_in_montecito_mud/.",News Article
"Molina, J. (2018, November 5). For Montecito Debris-Flow Victims, Rebuilding Can be a Painfully long Process. Noozhawk. Retrieved from https://www.noozhawk.com/for_montecito_debris_flow_victims_rebuilding_can_be_a_painfully_long_proces/.",News Article
"Montecito Mudslides Leave Debris, Destruction and Traumatized Residents. (2018, January 21). News and Guts. Retrieved from https://www.newsandguts.com/montecito-mudslides-leave-debris-destruction-traumatized-residents/.",News Article
"Musgrove, P. (1970, September 28). Landslide 'like explosion' kills Summerland resident. The Sun, A10. ",News Article
"Nursall, K. (2013, July 11). Johnsons Landing residents remember the deadly landslide, one year later. The Globe and Mail. Retrieved from https://www.theglobeandmail.com/news/british-columbia/residents-remember-deadly-landslide-a-year-later/article13185291/.",News Article
"O'Toole, K. (2018, January 29). ‘I woke up and everything was black’: Man describes moments following Schenectady mudslide. ABC News 10. Retrieved from https://www.news10.com/news/i-woke-up-and-everything-was-black-man-describes-moments-following-schenectady-mudslide/.",News Article
"Page, M. (2013). Landslides and debris flows caused by the 15-17 June 2013 rain storm in the Marahau-Motueka area, and the fatal landslide at Otuwhero Inlet. GNS Science Report 2013/44. GNS Science.",Report
"Public Safety Canada. (2013, September 12). Canadian disaster database. Retrieved from https://cdd.publicsafety.gc.ca/dtpg-eng.aspx?cultureCode=en-Ca&provinces=1%2C2%2C3%2C4%2C5%2C6%2C7%2C8%2C9%2C10%2C11%2C12%2C13&normalizedCostYear=1&dynamic=false&eventId=135.",Report
"Risling, G. (2005, January 13). Man loses wife, 3 daughters in deadly California Mudslide. The Seattle Times. Retrieved from https://www.seattletimes.com/nation-world/man-loses-wife-3-daughters-in-deadly-california-mudslide/.",News Article
"Salyer, S. (2014, April 9). Mudslide survivor: ‘I did not let that baby go for one second.’ The Seattle Times. Retrieved from https://special.seattletimes.com/o/html/localnews/2023341099_skorjancinterviewxml.html.",News Article
"Seyd, J. (2021, November 30). Landslides, floods bring visceral response for Amita Kuttner, who lost mother in 2005 Berkley slide. North Shore News. Retrieved from https://www.nsnews.com/local-news/landslides-floods-bring-visceral-response-for-amita-kuttner-who-lost-mother-in-2005-berkley-slide-4804883.",News Article
"Spillman, E. & Kuzj, S. (2018, January 12). Montecito Mudslides: Death Toll Rises to 18 After 87-Year-Old Man's Body Pulled From Home. CNN Wire. Retrieved from https://ktla.com/news/local-news/california-mudslides-search-for-a-miracle-enters-3rd-day/.",News Article
"Spurgeon-Hoffman, A.R. (2019, May 25). Hard Lessons in OC Canyon Country; Fires Mean Slides '69-'21. Patch. Retrieved from https://patch.com/california/orange-county/50th-anniversary-1969-fatal-mudslide-silverado-fire-hall.",News Article
"Stoltze, F. (2018, January 17). Montecito mudslides: A story of luck, loss and narrow escapes. Laist 89.3 FM. Retrieved from https://www.kpcc.org/news/2018/01/17/79878/montecito-mudslides-one-story-of-luck-loss-and-nar/.",News Article
"Stories of how mudslide victims died, survived emerge (2018, January 15). KSBW Action News 8. Retrieved from https://www.ksbw.com/article/stories-of-how-mudslide-victims-died-survived-emerge/15167239#.",News Article
"The Day the Mountain Fell. (1957, November). The Prince Rupert Daily News. Retrieved from http://atowncalledpodunk.blogspot.com/2007/11/fifty-years-ago-mountain-slid.html.",News Article
"Thredbo Landslide, 1997. (n.d.). Australian Disaster Resilience Knowledge Hub. Retrieved from https://knowledge.aidr.org.au/resources/landslide-thredbo-1997/.",Website
"Trumpener, B. (2020, July 7). BC couple escapes from 'debris flood' that filled home with mud, logs, rocks. CBC. Retrieved from https://www.cbc.ca/news/canada/british-columbia/mudslide-escape-from-debris-flood-mcbride-bc-1.5639288.",News Article
"Watson, J. (2018, January 20). Mudslides take heavy toll on immigrants serving posh town. Associated Press. Retreived from https://apnews.com/article/oprah-winfrey-north-america-us-news-ap-top-news-ca-state-wire-54a7e52f43b74d218577df31e680241b.",News Article
"Wegner, H. (2022, September 16). Missing woman found dead under debris after mudslide strikes, California cops say. The Sacramento Bee. Retrieved from https://www.sacbee.com/news/california/article265931966.html.",News Article
Westrek Geotechnical Services Ltd. (2017a). Summary of Emergency Response Activities and Initial Geotechnical Assessment of the 2017 Robinson Creek Debris Flow [Report]. Prepared for Emergency management BC/Shuswap Emergency Program.,Report
Westrek Geotechnical Services Ltd. (2017b). Summary of Emergency Response Activities and Preliminary Geotechnical Assessment of the 4400 Block Sunnybrae - Canoe Point Road Landslide [Report]. Prepared for Emergency Management BC/Shuswap Emergency Program.,Report
"Who they were: Washington landslide deaths. (2014, April 29). Los Angeles Times. Retrieved from https://graphics.latimes.com/towergraphic-washington-landslide-victims/.",News Article
"Pollock, W., Wartman, J. (2020). Human vulnerability to landslides. GeoHealth, 4, e2020GH000287. https://doi.org/10.1029/2020GH000287",Journal Article
"Hand, D. (2000) Report of the inquest into the deaths arising from the Thredbo landslide [Report]. ",Report
"Elderly couple missing in landslide in northeastern Japan. (2022, December 31). Kyodo News. Retrieved from https://english.kyodonews.net/news/2022/12/95b2dd614c06-2-missing-in-landslide-in-northeastern-japan.html.",News Article
"2 bodies found at landslide site in Yamagata Pref. (2023, January 2). The Japan News. Retrieved from https://japannews.yomiuri.co.jp/society/general-news/20230102-81397/.",News Article
"Kean, J.W., Staley, D.M., Lancaster, J.T., Rengers, F.K., Swanson, B.J., Coe, J.A., Hernandez, J.L., Sigman, A.J., Allstadt, K., and Lindsay, D.N. (2019). Debris-flow inundation and damage data from the 9 January 2018 Montecito debris-flow event, U.S. Geological Survey data release, http://doi.org/10.5066/P9JQJU0E.",Data Release
"Photos: Boulders and debris challenge rescue crews after rain triggers California mudslides. (2018, January 9). The Dallas Morning News. Retrieved from https://www.dallasnews.com/photos/2018/01/10/photos-boulders-and-debris-challenge-rescue-crews-after-rain-triggers-california-mudslides/.",News Article
"Parry, H. (2018, January 12). Hold on tight!' Mudslide survivor recounts final words of his partner of 20 years before he was swept away and killed by the mudslides which left 17 dead in southern California. Daily Mail.com. Retrieved from https://www.dailymail.co.uk/news/article-5264029/Mudslide-survivor-recounts-moments-partner-died-floods.html.",News Article
Auckland floods: Man who died in Remuera landslip named as museum volunteer Dave Lennard. (2023). New Zealand Herald. Retrieved from https://www.nzherald.co.nz/nz/auckland-floods-man-who-died-in-remuera-landslip-named-as-museum-volunteer-dave-lennard/V6AUTXCMGJHXPA4WHGOHJ3R7RI/.,News Article
"Holland, B. (2020). Marco Farrell Credits Preparation for Saving His Life During Montecito Debris Flows. Noozhawk. Retrieved from https://www.noozhawk.com/montecito_debris_flow_victim_20200110/.",News Article
"Johnson, A., Ortiz, E. (2018). Search for victims of California mudslides widens as death toll grows. NBC News. Retrieved from https://www.nbcnews.com/news/weather/search-victims-california-mudslides-widens-death-toll-grows-n836411.",News Article
"After searching for hours, Montecito man learns mother died in mudslide. (2018). KSBY6. Retrieved from https://www.ksby.com/news/2018/01/11/after-searching-for-hours-montecito-man-learns-mother-died-in-mudslide",News Article
"Molina, J. (2019, January 8). A Year Ago, Montecito Debris Flows Brought ‘Unfathomable Destruction’ to Coastal Community. Noozhawk. Retrieved from https://www.noozhawk.com/year_later_montecito_debris_flows_unfathomable_destruction/.",News Article
"Burns, M. (2020, Februrary 26). Signs of Life on Montecito’s Deadliest Block. Santa Barbara Independent. Retrieved from https://www.independent.com/2020/02/06/signs-of-life-on-montecitos-deadliest-block/.",News Article
"Matthews, A. (2018, January 11). Family Rescued from Santa Barbara Mudslides by Local U.S. Coast Guard Says Thank You. NBC 7. Retrieved from https://www.nbcsandiego.com/news/local/family-thanks-local-us-coast-guard-after-rescued-from-mudslides/44913/.",News Article
"Brugger, K. (2018, January 10). First-Person Stories from the Montecito Mudslides. Santa Barbara Independent. Retrieved from https://www.independent.com/2018/01/10/first-person-stories-from-montecito-mudslides/.",News Article
"Sanchez, M.J., Jablon, R. (2018, January 11). California mudslides: 17 dead, 59 houses destroyed, 446 damaged. Associated Press. Retrieved from https://www.mercurynews.com/2018/01/11/california-mudslides-missing-count-surges-to-48/.",News Article
Moe Family Montecito Mudslide Fund. Retrieved from https://www.gofundme.com/f/moe-family-montecito-mudslide-fund,Website
"Almasy, S., Botelho, G. (2014, March 26). Boy, 4, stays calm as rescuers pull him from mudslide. CNN. Retrieved from https://www.cnn.com/2014/03/26/us/mudslide-boy-rescued/index.html.",News Article
"Haglund, N. (2014, April 27). A family's long search after the Oso mudslide. Herald Net. Retrieved from https://www.heraldnet.com/news/a-familys-long-search-after-the-oso-mudslide/.",News Article
"KCAL News. (2022, September 16). Body of woman found in San Bernardino after being swept away in mudslide. Retrieved from https://www.cbsnews.com/losangeles/news/body-of-woman-found-in-san-bernardino-after-being-swept-away-in-mudslide/.",News Article
"Lloyd, J., Shin, T. (2022, September 15). Watch: Jeep Wrangler Carried Away by Powerful Forest Falls Mudslide. NBC Los Angeles. Retrieved from https://www.nbclosangeles.com/news/local/jeep-wrangler-mudslide-california-storms/2984888/.",News Article
"Beam, A. (2018, April 25). Engineer: Broken water line caused Schenectady landslide. The Daily Gazette. Retrieved from https://dailygazette.com/2018/04/25/engineer-broken-water-line-caused-shenectady-landslide/.",News Article
"The Watchers. (2012, July 17). Landslide in Johnson’s Landing, British Columbia. Retrieved from https://watchers.news/2012/07/17/landslide-johnsons-landing-british-columbia/.",News Article
"Armstrong, J., Matas, R., Hume, M. (2005, January 20). Neighbours relate harrowing tale of B.C. mudslide. The Globe and Mail. Retrieved from https://www.theglobeandmail.com/news/national/neighbours-relate-harrowing-tale-of-bc-mudslide/article20418768/.",News Article
"Payne, R. (2005, February 19). Today marks the one month anniversary of the tragic mudslide that killed Eliza Kuttner. Letter to Mayor and Council, The District of North Vancouver. Retrieved from https://www.seymourvalley.ca/Landslide/.",Letter
"Friends Helping Friends: Mudslide Fundraiser (2005, January 26). Retrieved from https://www.seymourvalley.ca/Landslide/.",Press Release
"Porter, M., Jakob, M., Savigny, W., Fougere, S., Morgenstern, N. (2007). Risk Management for Urban Flow Slides in North Vancouver, Canada. OttawaGeo 2007: 60th Canadian Geotechnical Conference and 8th Joint CGS/IAH-CNC Groundwater Conference, Ottawa, Ontario, Canada, October 21-24, 2007.",Conference Paper
"KATU2abc. (2015, December 18). Woman, dog killed after landslide hits house near Florence, firefighters say. Retrieved from https://katu.com/news/local/woman-dog-killed-after-landslide-hits-house-north-of-florence-firefighters-say.",News Article
"Petley, D. (2015, December 19). Florence, Oregon: a fatal landslide triggered by intense rainfall. The Landslide Blog. Retrieved from https://blogs.agu.org/landslideblog/2015/12/19/florence-1/.",Blog Post
"Bell, B. (1999). The Liquid Earth. The Atlantic. Retrieved from https://www.theatlantic.com/magazine/archive/1999/01/the-liquid-earth/305468/.",News Article
"The Daily News. (1973, August 3). Landslide victims to be buried in common grave. Retrieved from https://collections.mun.ca/digital/collection/staceycoll/id/16295.",News Article
Government of Newfoundland and Labrador. Landslides. Retrieved from https://www.gov.nl.ca/iet/mines/publicoutreach/geologicalhazard/landslides/aug1-73/.,Website
"Septer, D. (2007a). Flooding and landslide events northern British Columbia 1820-2006. Province of British Columbia. Victoria, BC: Ministry of Environment.",Report
"Septer, D. (2007b). Flooding and landslide events southern British Columbia 1808-2006. Province of British Columbia. Victoria, BC: Ministry of Environment.",Report
"Azpiri, J. (2023, February 10). 40 years ago, a deadly mudslide ripped through Lions Bay, B.C. CBC News. Retrieved from https://www.cbc.ca/news/canada/british-columbia/deadly-mudslide-lions-bay-retrospective-1.6744967.",News Article
"Squamish History Archives. (1983). 095 - Alberta Creek slide, March 1983. Retrieved from https://squamishlibrary.digitalcollections.ca/alberta-creek-slide-march-1983.",Archive
"OC Public Libraries. (1969). Silverado Fire Hall, 1969 flood. Silverado Library. Availabe from https://calisphere.org/item/ark:/13030/kt5f59r060/.",Archive
"The Canberra Times. (1990, March 6). State Rail officials on Coledale death charges, 1990. Retrieved from https://trove.nla.gov.au/newspaper/article/120882863.",News Article
"The Canberra Times. (1990, March 8). Fresh jury for mudslide case. Retrieved from https://trove.nla.gov.au/newspaper/article/120883254.",News Article
"Barnard, J. (1996, November 20). In Orgeon, death roars down a hill. The Associated Press. Retrieved from https://greensboro.com/in-oregon-death-roars-down-a-hill/article_0dbced83-06e2-5089-90b6-5a1665d9b43f.html.",News Article
"Burns, W.J., Franczyk, J.J. (2021). History of the Orgeon landslide warning system 1997-2018 and recommendations for improvements. Open-File Report O-21-01. Retrieved from chrome-extension://efaidnbmnnnibpcajpcglclefindmkaj/https://www.oregongeology.org/pubs/ofr/O-21-01.pdf.",Report
"Anderson, M. (2016, April 11). Logan turns site of deadly canal breach into park. Desert News. Retrieved from https://www.deseret.com/2016/4/11/20586475/logan-turns-site-of-deadly-canal-breach-into-park.",News Article
"Raghem, I. (2018, January 25). Damaged home uninhabitable after Campbell River mudslide. Chek news. Retrieved from https://www.cheknews.ca/damaged-home-uninhabitable-after-campbell-river-mudslide-411583/.",News Article
"The Tyee. (2021, November 23). Living Through a Mudslide in Harrison Hot Springs. Retrieved from https://thetyee.ca/News/2021/11/23/Living-Through-Mudslide-Harrison-Hot-Springs/.",News Article
"Jahad, S. (2010, February 7). La Canada resident describes mudslide damage. KCPP. Retrieved from https://www.kpcc.org/2010-02-07/la-canada-resident-describes-mudslide-damage.",News Article
"WBTV. (2010, February 7). Mudslides sweep away cars, assault homes near LA. Retrieved from https://www.wbtv.com/story/11945741/mudslides-sweep-away-cars-assault-homes-near-la/.",News Article
"KPCC Wire Services. (2010, February 6). Evacuation orders lifted for mudslide residents as clean-up effort gets underway. Retrieved from https://www.kpcc.org/2010-02-06/heavy-rains-trigger-mudslides-station-burn-areas.",News Article
"ABC7 News. (2023, February 26). Mud slide overcomes La Canada Flintridge home. Retrieved from https://ktla.com/news/local-news/3-homes-evacuated-after-mudflow-in-la-canada-flintridge/.",News Article
"Rubino, J. (2014, August 28). Joey Howlett, killed by flood, remains a beacon for Jamestown. Daily Camera. Retrieved from https://www.dailycamera.com/2014/08/28/joey-howlett-killed-by-flood-remains-a-beacon-for-jamestown/.",News Article
"Raguso, E. (2023). Berkeley Hills mudslide 1 home damaged, 4 others red-tagged. The Berkeley Scanner. Retrieved from https://www.berkeleyscanner.com/2023/01/16/disaster-preparedness/berkeley-hills-mudslide-middlefield-evacuations/.",News Article
"CBS News. (2014, March 28). Mudslide survivor: Collapsed hillside hit us ""like a wave"". Retrieved from https://www.cbsnews.com/news/oso-washington-mudslide-survivor-hillside-hit-us-like-a-wave/.",News Article
"Johnson, K., Lovett, I., Blinder, A. (2014, March 27). In ocean of mud, a plea: Leave me and Find my wife. The New York Times. ",News Article