Citation ,Type,
"Aaron, J., Hungr, O., Stark, T., Baghdaya, A. (2017). Oso, Washington, Landslide of March 22, 2014: Dynamic Analysis. J. Geotech. Geoenviron. Eng., 2017, 143(9). Doi: 10.1061/(ASCE)GT.1943-5606.0001748",Journal article,
"Aaron, J., McDougall, S., and Jordan, P. (2020). Dynamic analysis of the 2012 Johnsons Landing landslide at Kootenay Lake, British Columbia: the importance of undrained flow potential. Can. Geotech. J. 57: 1172-1182 (2020). doi: 10.1139/cgj-2018-0623",Journal article,
"Azpiri, J. (2023, February 10). 40 years ago, a deadly mudslide ripped through Lions Bay, B.C. CBC News. Retrieved from https://www.cbc.ca/news/canada/british-columbia/deadly-mudslide-lions-bay-retrospective-1.6744967.",News Article,
"Barnhart, K. R., Miller, C. R., Rengers, F. K., and Kean, J. W. (2023). Evaluation of debris-flow building damage forecasts, EGUsphere [preprint], https://doi.org/10.5194/egusphere-2023-1892",OpenFile,
"Barnhart, K., Jones, R., George, D., McArdell, B., Rengers, F., Stanley, D., and Kean, J. (2021). Multi-model comparison of computed debris flow runout for the 9 January 2018 Montecito, California post-wildfire event. Journal of Geophysical Research: Earth Surface, 126, e2021JF006245. https://doi.org/10.1029/2021JF006245",Journal article,
"BC Ministry of Transportation (MOT), 2012. Johnsons Landing Slide. Flickr. Online: https://www.flickr.com/photos/tranbc/albums/72157630563758490/with/7564681094/. Accessed: June 16, 2023.",Online database,
"Beaupre, M. (2009). Structural Damage due to the Impact Pressure Generated by the 2005 Berkeley Debris Slide, Located in North Vancouver, B.C. UBC B.A.Sc. Thesis. April 2009.",Unpublished Thesis,
"BGC Engineering Inc. (2004). Preliminary debris flow hazard assessment of Field, Carratt, Eng, Mcnab, and Dale Creeks, Hatzic Valley. Final Report. Report prepared for the Provincial Emergency Management Program, dated February 16, 2004.",Report,
BGC Engineering Inc. (2020  October 30). Willox Creek Emergency Geoheazard Risk and Mitigation Assessment [Report]. Prepared for Regional District of Fraser-Fort George.,Report,
"Blais-Stevens, A., and Septer, D. (2008). Historical Accounts of Landslides and Flooding Events Along the Sea to Sky Corridor, British Columbia, from 1855-2007. Geological Survey of Canada; 2008, pp. 71-73.",Report,
"British Columbia, 2016. Debris Flow Hazard Awareness in the Kootenay Region. Brochure.",Brochure,
"Evans, S. and Savigny, K , 1994, Landslides in the Vancouver-Fraser Valley-Whistler region, in J. Monger (ed) Geology and Geological Hazards of the Vancouver Region, Geological Survey of Canada, Bull. 481, p. 251-286",Book Chapter,
"FEMA: Hazus® 5.1 Tsunami Model Technical Manual, 2022.",Report,
"Iverson, R., George, D., Allstadt, K., Reid, M., Collins, B., Vallance, J., Schiling, S., Godt, J., Cannon, C., Magirl, C., Baum, R., Coe, J., Schulz, W., and Bower, J. (2015). Landslide mobility and hazards: implications of the 2014 Oso disaster. Earth and Planetary Science Letters. 412: 197-208.",,
"Jakob, M., Anderson, D., Fuller, T., Hungr, O., and Ayotte, D. (2000). An unusually large debris flow at Hummingbird Creek, Mara Lake, British Columbia. Can. Geotech. J. 37: 1109-1125",Journal article,
"Jakob, M., Stein, D., and Ulmi, M. (2012). Vulnerability of buildings to debris flow impact. Nat Hazards (2012) 60:241-261",Journal article,
"Jordan, P. (2014). The Johnsons Landing landslide of 2012, Kootenay Lake area, British Columbia. 6th Canadian Conference on Geohazards and Geotechnique. Kingston, Ontario, Canada.",Conference Proceedings,
"Kean, J.W., Staley, D.M., Lancaster, J.T., Rengers, F.K., Swanson, B.J., Coe, J.A., Hernandez, J.L., Sigman, A.J., Allstadt, K., and Lindsay, D.N. (2019). Debris-flow inundation and damage data from the 9 January 2018 Montecito debris-flow event, U.S. Geological Survey data release, http://doi.org/10.5066/P9JQJU0E.",Open File,
"Keaton, J.R., Wartman, J., Anderson, S.A., Benoît, J., dela Chapelle, J., Gilbert, R., Montgomery, D.R., 2014. The 22 March 2014 Oso landslide. Washington, Geotchnical Extreme Events Reconnaissance Association Report GEER-036 Online: http://www.geerassociation.org/GEER_Post%20EQ%20Reports/Oso_WA_2014/.",Report,
"Klohn Crippen Consultants Ltd (KCC). (2005). Kuskonook Creek Debris Event Analysis and Mitigation. Report prepared for BC Ministry of Transportation, dated January 21, 2005.",Report,
"Landslide in Johnsons Landing. (July 12, 2012). Global News. Retrieved from: https://globalnews.ca/news/56648/landslide-in-johnsons-landing/",News Article,
"Landslide in Johnson's Landing, British Columbia (July 17, 2012). Retrieved from: https://watchers.news/2012/07/17/landslide-johnsons-landing-british-columbia/",News Article,
"Landslide in the Kootenays Buries Homes (August, 2004). TMTV News. Retrieved from: https://www.youtube.com/watch?v=jZhgi24zpKA",News Article,
"Lister, D.R., Morgan, G.C., Vandine, D.F., and Kerr, J.W.G. (1984). Debris Torrents along Howe Sound British Columbia. IV International Symposium on Landslides. Toronto 1984.",Conference Proceedings,
"Lloyd & Shin, 2022; Body of woman found in San Bernardino after being swept away in mudslide, 2022",News Article,
"Mitchell, A., Zubrycky, S., McDougall, S., Aaron, J., Jacquemart, M., Hubl, J., Kaitna, R., and Graf, C. (2021). Variable hydrograph inputs for a numerical debris-flow runout model. Nat. Hazards Earth Syst. Sci., 22, 1627–1654, https://doi.org/10.5194/nhess-22-1627-2022, 2022",Journal article,
"Ng, C.W.W., Liu, H., Choi, C.E. Kwan, J.S.H., and Pun, W.K.: Impact dynamics of boulder-enriched debris flow on a rigid barrier, J. Geotech. Geoenviron. Eng., 147(3), 04021004, https://doi.org/10.1061/(ASCE)GT.1943-5606.0002485, 2021b.",Journal article,
"Nicol, D., Jordan, P., Boyer, D., Yonin, D. (2013). Johnsons Landing Landslide Hazard and Risk Assessment, May 16th, 2013. Report prepared for the Regional District of Central Kootenay",Report,
"Payne, R. (2005, February 19). Today marks the one month anniversary of the tragic mudslide that killed Eliza Kuttner. Letter to Mayor and Council, The District of North Vancouver. Retrieved from https://www.seymourvalley.ca/Landslide/.",News Article,
"Scott, D. 2018. Submission to the Standing Committee on Agriculture and Forestry. Letter, dated March 19, 2018.",Letter,
"Seyd, J. (2021, November 30). Landslides, floods bring visceral response for Amita Kuttner, who lost mother in 2005 Berkley slide. North Shore News. Retrieved from: https://www.nsnews.com/local-news/landslides-floods-bring-visceral-response-for-amita-kuttner-who-lost-mother-in-2005-berkley-slide-4804883",,
"Thurber Consultants Ltd. (1983). Debris Torrent and Flooding Hazards: Highway 99, Howe Sound. Report prepared for the BC Ministry of Infrastructure and Transportation.",Report,
"Trumpener, B. (2020, July 7). BC couple escapes from 'debris flood' that filled home with mud, logs, rocks. CBC. Retrieved from https://www.cbc.ca/news/canada/british-columbia/mudslide-escape-from-debris-flood-mcbride-bc-1.5639288.",News Article,
"VanDine, D.F., Rodman, R.F., Jordan, P. and Dupas, J. (2005). Kuskonook Creek, an example of a debris flow risk analysis. Landslides (2005) 2:257-265. doi: 10.1007/s10346-005-0017-9",Journal article,
"Wartman, J., et al. (2016). “The 22 March 2014 Oso landslide, Washington, USA.” J. Geomorphol., 253(1), 275–288",Journal article,
"Washington Department of Transportation (2014). Aerial Photography over slide area near Oso Washington. Online. https://disasterresponse.maps.arcgis.com/home/item.html?id=ce62b1e96eb04a869e3a51c05e09bc7b#ftp.wsdot.wa.gov/public/Photogrammetry/SR530%202014%20Slide/. Accessed: June 16, 2023",Online database,
"Zanchetta, G., Sulpizo, R., Pareschi, M.T., Leoni, F.M., and Santacroce, R.: Characteristics of May 5–6, 1998 volcaniclastic debris flows in the Sarno Area (Campania, southern Italy): relationships to structural damage
and hazard zonation, J, Volcanol, Geotherm, Res., 133, 377–393, https://doi.org/10.1016/S0377-0273(03)00409-8, 2004.",Journal article,
"Zubrycky, S., Mitchell, A., Aaron, J., and McDougall, S. (2019). Preliminary calibration of a numerical runout model for debris flows in Southwestern British Columbia. 7th International Conference on Debris-Flow Hazards Mitigation. Golden, Colorado. June 10-13.",Conference Proceedings,
"Zubrycky, S. (2020). Spatial impact trends on debris flow fans in southwestern British Colubmia. University of British Columbia, Department of Earth, Ocean, and Atmospheric Sciences, M.Sc. Thesis.",Thesis,
,,
,,
,,
,,
,,
,,
,,
